{"cameraMode":{"drawMode":0,"name":"Shaded","section":"Shading Mode"},"sceneLighting":false,"audioPlay":false,"sceneViewState":{"showFog":true,"showMaterialUpdate":false,"showSkybox":false,"showFlares":true,"showImageEffects":true,"showParticleSystems":true,"showVisualEffectGraphs":true,"m_FxEnabled":true},"in2DMode":false,"pivot":{"x":-0.2379002571105957,"y":0.8100000023841858,"z":0.008115649223327637},"rotation":{"x":-0.08488015085458756,"y":0.3763747215270996,"z":-0.034651018679142,"w":-0.9219242930412293},"size":0.11098115146160126,"orthographic":false}