{"cameraMode":{"drawMode":0,"name":"Shaded","section":"Shading Mode"},"sceneLighting":true,"audioPlay":false,"sceneViewState":{"showFog":true,"showMaterialUpdate":false,"showSkybox":true,"showFlares":true,"showImageEffects":true,"showParticleSystems":true,"showVisualEffectGraphs":true,"m_FxEnabled":true},"in2DMode":false,"pivot":{"x":-0.3472001552581787,"y":0.43413782119750979,"z":-0.46150219440460207},"rotation":{"x":-0.2966301739215851,"y":0.6505774855613709,"z":-0.3073204457759857,"w":-0.6279464960098267},"size":15.817422866821289,"orthographic":false}