{"cameraMode":{"drawMode":0,"name":"Shaded","section":"Shading Mode"},"sceneLighting":true,"audioPlay":false,"sceneViewState":{"showFog":true,"showMaterialUpdate":false,"showSkybox":true,"showFlares":true,"showImageEffects":true,"showParticleSystems":true,"showVisualEffectGraphs":true,"m_FxEnabled":true},"in2DMode":false,"pivot":{"x":0.09067314863204956,"y":0.6751343011856079,"z":0.1657273769378662},"rotation":{"x":-0.11700946092605591,"y":0.022936543449759485,"z":-0.0027024371083825828,"w":-0.9928647875785828},"size":1.4660253524780274,"orthographic":false}