{"cameraMode":{"drawMode":0,"name":"Shaded","section":"Shading Mode"},"sceneLighting":true,"audioPlay":false,"sceneViewState":{"showFog":true,"showMaterialUpdate":false,"showSkybox":true,"showFlares":true,"showImageEffects":true,"showParticleSystems":true,"showVisualEffectGraphs":true,"m_FxEnabled":true},"in2DMode":false,"pivot":{"x":0.30720001459121706,"y":0.24666403234004975,"z":0.3426870107650757},"rotation":{"x":-0.08488015085458756,"y":0.3763747215270996,"z":-0.034651018679142,"w":-0.9219242930412293},"size":0.9724942445755005,"orthographic":false}